{"cameraMode":{"drawMode":0,"name":"Shaded","section":"Shading Mode"},"sceneLighting":true,"audioPlay":false,"sceneViewState":{"m_AlwaysRefresh":false,"showFog":true,"showSkybox":true,"showFlares":true,"showImageEffects":true,"showParticleSystems":true,"showVisualEffectGraphs":true,"m_FxEnabled":true},"in2DMode":false,"pivot":{"x":0.6240980625152588,"y":0.669185221195221,"z":1.5348259210586548},"rotation":{"x":-0.06646912544965744,"y":-0.8125078082084656,"z":0.09451918303966522,"w":-0.5713834762573242},"size":1.9341950416564942,"orthographic":false}