{"cameraMode":{"drawMode":0,"name":"Shaded","section":"Shading Mode"},"sceneLighting":true,"audioPlay":false,"sceneViewState":{"m_AlwaysRefresh":false,"showFog":true,"showSkybox":true,"showFlares":true,"showImageEffects":true,"showParticleSystems":true,"showVisualEffectGraphs":true,"m_FxEnabled":true},"in2DMode":false,"pivot":{"x":-1.512664794921875,"y":0.43384063243865969,"z":0.9288921356201172},"rotation":{"x":-0.16125312447547913,"y":0.34204110503196719,"z":-0.0597035251557827,"w":-0.9238185882568359},"size":2.8327784538269045,"orthographic":false}